"","term","estimate","conf.low","conf.high","tau"
"1","(Intercept)",-0.0259576359992507,-0.0358695284603363,-0.0219986488379103,0.05
"2","df_in[, -1]Diff_Index_1",-0.000891867865829077,-0.00390152556952471,0.00295556894709579,0.05
"3","df_in[, -1]Diff_Index_2",-0.00163257843487455,-0.00229859611927387,0.00215953219696147,0.05
"4","df_in[, -1]Diff_Index_3",0.00183118927327565,-0.000579635742432695,0.00562533322901337,0.05
"5","df_in[, -1]Diff_Index_4",-0.000275350247296537,-0.00281198531377956,0.00201780405766308,0.05
"6","df_in[, -1]Lag_1",-0.104832343781759,-0.620038274939941,0.623732694098683,0.05
"7","df_in[, -1]Pos_Val_for_Lag_1",-0.00401081403168014,-0.015858909809155,0.00974736663669954,0.05
