"","term","estimate","conf.low","conf.high","tau"
"1","(Intercept)",-0.0233761957522564,-0.0299402172013956,-0.0169706796590014,0.1
"2","df_in[, -1]Diff_Index_1",-0.00145020871404379,-0.00459401552303226,0.00113278628674083,0.1
"3","df_in[, -1]Diff_Index_2",-0.000720022359201101,-0.0015231569899702,0.000742905956684468,0.1
"4","df_in[, -1]Diff_Index_3",0.00129761725402713,-0.000582141229518278,0.00289965972077711,0.1
"5","df_in[, -1]Diff_Index_4",0.000198215474259981,-0.000858417039362643,0.000985498067614612,0.1
"6","df_in[, -1]Lag_1",-0.318913908032222,-0.822737951806093,0.229008993088887,0.1
"7","df_in[, -1]Lag_2",-0.19969774786978,-0.396712019849485,-0.0366982529080263,0.1
"8","df_in[, -1]Pos_Val_for_Lag_1",-0.00173112441201672,-0.00876600021342835,0.00619367309961836,0.1
"9","df_in[, -1]Pos_Val_for_Lag_2",0.0114531467033542,0.00364833400660182,0.0169693625120058,0.1
