"","term","estimate","conf.low","conf.high","tau"
"1","(Intercept)",-0.0173423487757892,-0.0207684348220125,-0.0155927295653804,0.05
"2","df_in[, -1]Diff_Index_1",0.000649449400401996,-0.00123302277593704,0.00364744790876243,0.05
"3","df_in[, -1]Lag_1",0.331386216295508,-0.178580810519166,1.07903676645489,0.05
