"","term","estimate","conf.low","conf.high","tau"
"1","(Intercept)",-0.0270638597808534,-0.0348785971533941,-0.0241395582818855,0.05
"2","df_in[, -1]Diff_Index_1",0.000692394214662331,-0.00319673511806362,0.00326592952531973,0.05
"3","df_in[, -1]Lag_1",0.181853606160312,-0.571230847796313,0.359593582932068,0.05
"4","df_in[, -1]Lag_2",0.0219239007303629,-0.227537328948347,0.215264909909741,0.05
"5","df_in[, -1]Lag_3",0.243614830252609,0.0877964738676062,0.345491494648423,0.05
"6","df_in[, -1]Lag_4",0.174362686648953,-0.0125603493494813,0.204905600593044,0.05
