"","term","estimate","conf.low","conf.high","tau"
"1","(Intercept)",-0.0230969798291614,-0.0313511119553859,-0.0220806210848766,0.01
"2","df_in[, -1]Diff_Index_1",0.00232602366714798,-0.00179701552420138,0.00494319032793038,0.01
"3","df_in[, -1]Lag_1",1.16340369171459,-0.751482588897539,2.08942615305539,0.01
"4","df_in[, -1]Pos_Val_for_Lag_1",0.000803235413827986,-0.00579353137472854,0.0140001265388696,0.01
