"","term","estimate","conf.low","conf.high","tau"
"1","(Intercept)",-0.0131508859967024,-0.0145886990180301,-0.0120917771872944,0.05
"2","DF1",-0.000348783685380382,-0.00102783403768337,-4.51943604452381e-05,0.05
"3","DF2",0.00111796899858978,-0.000569505070417407,0.00236090619184715,0.05
"4","DF3",-0.00145537311925927,-0.00357338036312473,0.00120752546528896,0.05
"5","DF4",0.0024651274388656,0.000747141912916831,0.0050210655214072,0.05
"6","DF5",0.000549493353203286,-0.00162866166715834,0.00365832202559924,0.05
"7","DF6",-0.0016650084996564,-0.00347408679555907,0.00156083987399117,0.05
