"","term","estimate","conf.low","conf.high","tau"
"1","(Intercept)",-0.0146564361411452,-0.0199753791596444,-0.0125603838352669,0.05
"2","df_in[, -1]Diff_Index_1",-0.000470329790304703,-0.00109413186125157,0.000376771890937651,0.05
"3","df_in[, -1]Diff_Index_2",-0.000127517206158748,-0.000874494878937517,0.00145953067277531,0.05
"4","df_in[, -1]Diff_Index_3",0.00348975128758548,0.00188294997473086,0.00507919114359897,0.05
"5","df_in[, -1]Diff_Index_4",0.00372954285276926,-0.0012187258938992,0.00568226150344135,0.05
"6","df_in[, -1]Diff_Index_5",-0.000331598734494578,-0.00402027605530774,0.00558526456392087,0.05
"7","df_in[, -1]Diff_Index_6",-0.00275431715675835,-0.0051408860955097,0.00162209738557361,0.05
"8","df_in[, -1]Lag_1",-0.388914563933308,-0.631663694784437,-0.0156238324440416,0.05
