"","term","estimate","conf.low","conf.high","tau"
"1","(Intercept)",-0.0167732968505876,-0.020695134002707,-0.0156094303018924,0.05
"2","DF",-0.000426386333310979,-0.00114110167417928,0.000204497308122587,0.05
