"","term","estimate","conf.low","conf.high","tau"
"1","(Intercept)",-0.0279604682049383,-0.032198607500506,-0.0239546479103432,0.05
"2","DF",-0.000237811018689371,-0.00101293787431139,0.000440311375919067,0.05
