"","term","estimate","conf.low","conf.high","tau"
"1","(Intercept)",-0.0254187955406892,-0.0612956826583492,-0.00891541218120706,0.01
"2","df_in[, -1]Diff_Index_1",0.000942963338307794,-0.0154882302459346,0.01147164691924,0.01
"3","df_in[, -1]Diff_Index_2",0.00095737457540062,-0.00908718544194527,0.00873738764931754,0.01
"4","df_in[, -1]Lag_1",-0.0432478766768619,-1.79769313486232e+308,1.28495061463018,0.01
"5","df_in[, -1]Lag_2",0.0802076257006716,-1.79769313486232e+308,0.643411862220699,0.01
"6","df_in[, -1]Lag_3",-0.0794906473668938,-1.79769313486232e+308,0.176172793924246,0.01
