"","term","estimate","conf.low","conf.high","tau"
"1","(Intercept)",-0.0244800696651581,-0.0326219864273888,-0.0201211632128101,0.05
"2","df_in[, -1]Diff_Index_1",0.00131725793215336,-0.00617699433312223,0.00215987029022333,0.05
"3","df_in[, -1]Lag_1",0.25244765312448,-0.776998129027767,0.353373318968791,0.05
"4","df_in[, -1]Pos_Val_for_Lag_1",-0.00243998163971742,-0.0104087603239303,0.00356824091322766,0.05
