"","term","estimate","conf.low","conf.high","tau"
"1","(Intercept)",-0.0205905099476555,-0.0258662680352663,-0.0179132809885412,0.05
"2","df_in[, -1]Diff_Index_1",0.00179360539205193,0.000476884827596132,0.00228621275426612,0.05
"3","df_in[, -1]Diff_Index_2",-0.000854871519788566,-0.00298201448629945,0.00201957222560741,0.05
"4","df_in[, -1]Diff_Index_3",0.004428707313199,0.00129422790514273,0.00880546965325813,0.05
"5","df_in[, -1]Diff_Index_4",0.0104637929415471,-0.00566062334695894,0.0142771324758767,0.05
"6","df_in[, -1]Lag_1",-0.483667159337073,-0.728580178992139,-0.118097817407504,0.05
"7","df_in[, -1]Pos_Val_for_Lag_1",0.00726975431798936,0.00235676017173188,0.0114495801266311,0.05
